event,individual
event_0,ind_0
event_1,ind_0
event_2,ind_0
event_3,ind_0
event_4,ind_0
event_5,ind_0
event_7,ind_0
event_8,ind_0
event_0,ind_1
event_1,ind_1
event_2,ind_1
event_4,ind_1
event_5,ind_1
event_6,ind_1
event_7,ind_1
event_1,ind_2
event_2,ind_2
event_3,ind_2
event_4,ind_2
event_5,ind_2
event_6,ind_2
event_7,ind_2
event_8,ind_2
event_0,ind_3
event_2,ind_3
event_3,ind_3
event_4,ind_3
event_5,ind_3
event_6,ind_3
event_7,ind_3
event_2,ind_4
event_3,ind_4
event_4,ind_4
event_6,ind_4
event_2,ind_5
event_4,ind_5
event_5,ind_5
event_7,ind_5
event_4,ind_6
event_5,ind_6
event_6,ind_6
event_7,ind_6
event_5,ind_7
event_7,ind_7
event_8,ind_7
event_4,ind_8
event_6,ind_8
event_7,ind_8
event_8,ind_8
event_6,ind_9
event_7,ind_9
event_8,ind_9
event_11,ind_9
event_7,ind_10
event_8,ind_10
event_9,ind_10
event_11,ind_10
event_7,ind_11
event_8,ind_11
event_9,ind_11
event_11,ind_11
event_12,ind_11
event_13,ind_11
event_6,ind_12
event_7,ind_12
event_8,ind_12
event_9,ind_12
event_11,ind_12
event_12,ind_12
event_13,ind_12
event_5,ind_13
event_6,ind_13
event_8,ind_13
event_9,ind_13
event_10,ind_13
event_11,ind_13
event_12,ind_13
event_13,ind_13
event_6,ind_14
event_7,ind_14
event_9,ind_14
event_10,ind_14
event_11,ind_14
event_7,ind_15
event_8,ind_15
event_8,ind_16
event_10,ind_16
event_8,ind_17
event_10,ind_17